model,schedule,eval_loss,perplexity
gpt2-medium,ranknet,3.7390120029449463,42.05641801465294
gpt2-medium,uniform,3.080320358276367,21.76537399713063
bert-base-uncased,ranknet,2.431029796600342,11.370585443158655
bert-base-uncased,uniform,1.7163900136947632,5.564404738041235
distilbert-base-uncased,ranknet,2.7242305278778076,15.244679057064399
distilbert-base-uncased,uniform,1.9842890501022339,7.273874186619381
